{
  "UN.PARIS": [
    44.703776,
    -71.292318
  ],
  "UN.JAY_VT": [
    44.978444,
    -72.482611
  ],
  "UN.SHEFIELD34.5SHEF": [
    44.663639,
    -72.122972
  ],
  "LD.POWERSVL115": [
    45.618,
    -68.578306
  ],
  "LD.CHSTERME46": [
    45.39729,
    -68.525677
  ],
  "UN.ROLLINS": [
    45.404111,
    -68.364722
  ],
  "UN.POWERSVL115": [
    45.618,
    -68.578306
  ],
  "UN.CHSTERME46": [
    45.39729,
    -68.525677
  ],
  "LD.KEENE_RD46": [
    45.397458,
    -68.529335
  ],
  "AR.POWERSVL115": [
    45.618,
    -68.578306
  ],
  "UN.STETSON": [
    45.483639,
    -67.993639
  ],
  "LD.DEBLOIS": [
    44.700424,
    -67.957027
  ],
  "LD.WASHNGTN34.5": [
    44.675552,
    -67.546241
  ],
  "UN.WASHNGTN34.5IND6": [
    44.675552,
    -67.546241
  ],
  "UN.BULL_HL": [
    44.722556,
    -68.163833
  ],
  "LD.RUMFD_IP34.5": [
    44.531793,
    -70.522901
  ],
  "UN.RUMFD_IP18.0RUMF": [
    44.531793,
    -70.522901
  ],
  "UN.ROXBURY": [
    44.627762,
    -70.596375
  ],
  "LD.RUMFORD": [
    44.537316,
    -70.544609
  ],
  "UN.RUMFD_FL11.5RUMH": [
    44.550598,
    -70.543197
  ],
  "LD.ROXBURY": [
    44.627762,
    -70.596375
  ],
  "UN.9DRAGONS115": [
    44.549482,
    -70.540993
  ],
  "LD.9DRAGONS115": [
    44.549482,
    -70.540993
  ],
  "LD.S_NAUGTK13.8": [
    41.474462,
    -73.056529
  ],
  "LD.BEEBE": [
    43.828167,
    -71.640167
  ],
  "UN.ASHLAND": [
    43.691333,
    -71.637667
  ],
  "LD.N_WODSTK34.5": [
    44.01134,
    -71.676967
  ],
  "LD.ASHLAND": [
    43.691333,
    -71.637667
  ],
  "UN.TAMWORTH115": [
    43.828946,
    -71.200606
  ],
  "UN.BERLN_NH22": [
    44.463,
    -71.1797
  ],
  "LD.BERLN_NH34.5": [
    44.463,
    -71.1797
  ],
  "UN.LOSTNATN34.5LOST": [
    44.594173,
    -71.494281
  ],
  "UN.BERLN_NH34.5JERW": [
    44.463,
    -71.1797
  ],
  "UN.SMITH_HY6.9": [
    44.47084,
    -71.176932
  ],
  "LD.BERLN_NH22": [
    44.463,
    -71.1797
  ],
  "LD.STJHNSBY34.5": [
    44.417915,
    -71.9839
  ],
  "UN.BERLN_NH13.8BURG": [
    44.463,
    -71.1797
  ],
  "LD.WHITEFLD34.5": [
    44.379273,
    -71.608382
  ],
  "UN.BERLN_NH34.5GORH": [
    44.463,
    -71.1797
  ],
  "LD.LYNDONVL34.5": [
    44.53583,
    -72.00528
  ],
  "LD.LOSTNATN34.5": [
    44.594173,
    -71.494281
  ],
  "UN.PONTOOK": [
    44.617944,
    -71.226083
  ],
  "LD.HARRINGT34.5": [
    44.6222,
    -67.7979
  ],
  "UN.OAKFIELD34.5OAKW": [
    46.050639,
    -68.051917
  ],
  "UN.PASADMKG34.5PASW": [
    45.03675,
    -68.589889
  ],
  "UN.ENFLD_ME115": [
    45.24575,
    -68.601833
  ],
  "UN.GRAHAM": [
    44.824186,
    -68.705434
  ],
  "LD.GRAHAM": [
    44.824186,
    -68.705434
  ],
  "LD.TUNK": [
    44.544019,
    -68.108832
  ],
  "LD.ELLSWRTH34.5": [
    44.543655,
    -68.430748
  ],
  "LD.BOGGY_BK44": [
    44.577217,
    -68.454008
  ],
  "UN.CHEMICAL115": [
    44.739069,
    -68.824818
  ],
  "UN.ELLSWRTH34.5ELLS": [
    44.543655,
    -68.430748
  ],
  "LD.TRENTON": [
    44.438907,
    -68.374562
  ],
  "UN.BUCKSPRT18.0BCK4": [
    44.5752,
    -68.8063
  ],
  "LD.BUCKSPRT34.5": [
    44.5752,
    -68.8063
  ],
  "UN.PISGAH": [
    44.7773,
    -68.5234
  ],
  "UN.LUDDN_LN34.5SADW": [
    44.496498,
    -70.336998
  ],
  "LD.LUDDN_LN34.5": [
    44.496498,
    -70.336998
  ],
  "UN.BIGELOW": [
    45.101612,
    -70.353645
  ],
  "UN.HARRIS": [
    45.459145,
    -69.864761
  ],
  "LD.WYMAN_HY12.5": [
    45.071448,
    -69.90279
  ],
  "LD.HARRIS": [
    45.459145,
    -69.864761
  ],
  "UN.KIBBY": [
    45.355389,
    -70.541611
  ],
  "LD.BIGELOW": [
    45.101612,
    -70.353645
  ],
  "UN.WYMAN_HY13.8WYM3": [
    45.071448,
    -69.90279
  ],
  "UN.WYMAN_HY13.8WYM2": [
    45.071448,
    -69.90279
  ],
  "UN.WYMAN_HY13.8WYM1": [
    45.071448,
    -69.90279
  ],
  "LD.MADISON": [
    44.781105,
    -69.913812
  ],
  "UN.CLIFTON": [
    44.7773,
    -68.5234
  ],
  "UN.MADISON": [
    44.781105,
    -69.913812
  ],
  "AR.MADISON": [
    44.781105,
    -69.913812
  ],
  "UN.BINGHAM": [
    45.160446,
    -69.389022
  ],
  "AR.BERLN_NH22": [
    44.463,
    -71.1797
  ],
  "LD.BLACK_RK4.8": [
    41.661956,
    -72.80545
  ],
  "LD.PUTNM_PK12.5": [
    41.866852,
    -71.522176
  ],
  "UN.JOHNSTON23": [
    41.814454,
    -71.474959
  ],
  "LD.JOHNSTON12.5": [
    41.814454,
    -71.474959
  ],
  "UN.RUMFD_FL11.5RFRB": [
    44.550598,
    -70.543197
  ],
  "UN.RISE": [
    41.80259,
    -71.51691
  ],
  "UN.RIDGEWOD13.8RIDG": [
    41.8035,
    -71.5238
  ],
  "LD.W_CRNSTN12.5": [
    41.756863,
    -71.521817
  ],
  "LD.FARNPIKE12.5": [
    41.901223,
    -71.53092
  ],
  "UN.BASELINE34.5DNEW": [
    44.700424,
    -67.957027
  ],
  "LD.KEENE_RD44": [
    45.397458,
    -68.529335
  ],
  "LD.EMBDEN": [
    44.9583,
    -69.8853
  ],
  "UN.WILLIAM": [
    44.9592,
    -69.8711
  ],
  "LD.BOGGY_BK46": [
    44.577217,
    -68.454008
  ],
  "UN.CHASE_PD34.5WMRW": [
    45.140361,
    -69.84923
  ],
  "FAIRFIELD, CT": [
    41.0534,
    -73.5387
  ],
  "HARTFORD, CT": [
    41.7658,
    -72.6734
  ],
  "MIDDLESEX, CT": [
    41.5623,
    -72.6506
  ],
  "NEW HAVEN, CT": [
    41.3083,
    -72.9279
  ],
  "WINDHAM, CT": [
    41.6998,
    -72.157
  ],
  "BARNSTABLE, MA": [
    41.7001,
    -70.2995
  ],
  "BERKSHIRE, MA": [
    42.4501,
    -73.2454
  ],
  "BRISTOL, MA": [
    41.6362,
    -70.9342
  ],
  "HAMPDEN, MA": [
    42.1015,
    -72.5898
  ],
  "MIDDLESEX, MA": [
    41.5623,
    -72.6506
  ],
  "NORFOLK, MA": [
    42.2529,
    -71.0023
  ],
  "PLYMOUTH, MA": [
    41.9584,
    -70.6673
  ],
  "SUFFOLK, MA": [
    42.3601,
    -71.0589
  ],
  "WORCESTER, MA": [
    42.2626,
    -71.8023
  ],
  "ANDROSCOGGIN, ME": [
    44.1004,
    -70.2148
  ],
  "AROOSTOOK, ME": [
    46.6812,
    -68.0159
  ],
  "HANCOCK, ME": [
    44.5434,
    -68.4195
  ],
  "KNOX, ME": [
    44.1031,
    -69.1089
  ],
  "OXFORD, ME": [
    44.5559,
    -70.5445
  ],
  "WASHINGTON, ME": [
    41.446,
    -71.5243
  ],
  "YORK, ME": [
    43.4926,
    -70.4534
  ],
  "ROCKINGHAM, NH": [
    43.0718,
    -70.7626
  ],
  "STRAFFORD, NH": [
    43.1979,
    -70.8737
  ],
  "SULLIVAN, NH": [
    43.3767,
    -72.3462
  ],
  "KENT, RI": [
    41.7001,
    -71.4162
  ],
  "PROVIDENCE, RI": [
    41.824,
    -71.4128
  ],
  "WASHINGTON, RI": [
    41.446,
    -71.5243
  ],
  "ADDISON, VT": [
    44.0153,
    -73.1673
  ],
  "CALEDONIA, VT": [
    44.4196,
    -72.0159
  ],
  "CHITTENDEN, VT": [
    44.4759,
    -73.2121
  ],
  "FRANKLIN, VT": [
    42.587,
    -72.5992
  ],
  "WINDHAM, VT": [
    41.6998,
    -72.157
  ],
  "WINDSOR, VT": [
    43.2984,
    -72.482
  ],
  "LITCHFIELD, CT": [
    41.8007,
    -73.1212
  ],
  "NEW LONDON, CT": [
    41.5243,
    -72.0759
  ],
  "ESSEX, MA": [
    42.5195,
    -70.8967
  ],
  "FRANKLIN, MA": [
    42.587,
    -72.5992
  ],
  "HAMPSHIRE, MA": [
    42.3251,
    -72.6412
  ],
  "SOMERSET, ME": [
    44.7656,
    -69.7195
  ],
  "CHESHIRE, NH": [
    42.9337,
    -72.2781
  ],
  "MERRIMACK, NH": [
    43.2081,
    -71.5376
  ],
  "RUTLAND, VT": [
    43.6106,
    -72.9726
  ],
  "PENOBSCOT, ME": [
    44.8012,
    -68.7778
  ],
  "FRANKLIN, NY": [
    42.587,
    -72.5992
  ],
  "BENNINGTON, VT": [
    42.8781,
    -73.1968
  ],
  "CUMBERLAND, ME": [
    43.6591,
    -70.2568
  ]
}